site_id,subbasin,point,n_days,median_p90,q1_p90,q3_p90,iqr_p90
1,12044,12044,11139,2.3778118e-06,1.04609e-06,7.105329e-06,6.0592392e-06
2,13531,13531,11139,2.901042e-06,1.160498e-06,8.598074e-06,7.4375757e-06
5,10921,10921,11139,1.219846e-06,5.1001507e-07,3.661301e-06,3.151286e-06
6,12826,12826,11139,3.9717443e-06,1.7548e-06,1.159242e-05,9.83762e-06
7,11850,11850,11139,2.443852e-06,1.0501781e-06,7.200882e-06,6.150704e-06
11,11613,11613,11139,1.488594e-06,6.413826e-07,4.539144e-06,3.8977614e-06
18,2875,2875,11139,9.059988e-07,3.0703842e-07,3.6598449e-06,3.3528065e-06
19,275,275,11139,4.563802e-09,5.1294213e-10,2.959284e-08,2.9079898e-08
20,1056,1056,11139,1.2503159e-07,4.587747e-08,5.458237e-07,4.999462e-07
22,7840,7840,11139,9.229718e-09,1.011348e-09,5.504117e-08,5.4029822e-08
23,3339,3339,11139,2.234758e-08,7.3163893e-09,1.0207558e-07,9.4759194e-08
25,9640,9640,11139,1.53979e-08,7.337376e-09,2.8755348e-08,2.1417971e-08
26,16147,16147,11139,1.726048e-06,7.521568e-07,5.1828038e-06,4.430647e-06
28,1153,1153,11139,6.848926e-08,2.205369e-08,2.8541882e-07,2.6336514e-07
33,2951,2951,11139,3.212036e-06,1.292864e-06,1.091935e-05,9.626486e-06
34,14047,14047,11139,9.93632e-08,3.663071e-08,3.317034e-07,2.950727e-07
36,6512,6512,11139,1.958476e-06,7.474978e-07,6.559016e-06,5.8115183e-06
39,2680,2680,11139,2.4673081e-08,5.357153e-09,1.210237e-07,1.1566655e-07
41,13424,13424,11139,2.147872e-06,8.560943e-07,6.421303e-06,5.565209e-06
47,11757,11757,11139,1.533012e-06,6.5617974e-07,4.659355e-06,4.0031755e-06
49,3274,3274,11139,3.894014e-07,1.375216e-07,1.551872e-06,1.4143503e-06
51,1343,1343,11139,1.983906e-07,8.079931e-08,7.062545e-07,6.254552e-07
52,10352,10352,11139,1.0644881e-06,4.40237e-07,3.206572e-06,2.766335e-06
53,5253,5253,11139,9.204866e-08,3.734974e-08,3.490618e-07,3.1171206e-07
57,12798,12798,11139,4.535798e-07,1.8142211e-07,1.40052e-06,1.2190978e-06
58,12836,12836,11139,3.5758858e-09,5.6437466e-10,1.491362e-08,1.4349246e-08
60,12933,12933,11139,2.6598301e-09,4.960533e-10,1.19115e-08,1.1415447e-08
61,12879,12879,11139,3.438096e-06,1.378369e-06,1.0183641e-05,8.805272e-06
64,13515,13515,11139,2.396074e-06,9.590764e-07,7.188203e-06,6.229127e-06
68,14345,14345,11139,1.829608e-06,7.920012e-07,5.358105e-06,4.566104e-06
73,3159,3159,11139,5.068382e-07,1.9692999e-07,2.015465e-06,1.8185351e-06
75,6219,6219,11139,1.069776e-06,4.065649e-07,4.1201592e-06,3.7135944e-06
76,1020,1020,11139,9.806098e-09,1.407191e-09,5.014701e-08,4.8739818e-08
77,10960,10960,11139,6.643472e-07,2.3320149e-07,2.292186e-06,2.0589846e-06
83,13519,13519,11139,3.1942861e-06,1.236257e-06,9.279208e-06,8.042951e-06
86,3562,3562,11139,2.7535302e-07,9.678662e-08,1.103358e-06,1.0065714e-06
87,10099,10099,11139,1.243232e-06,4.443451e-07,4.6166942e-06,4.1723492e-06
90,10353,10353,11139,7.224172e-08,2.8146859e-08,2.808186e-07,2.5267173e-07
93,14130,14130,11139,2.732304e-06,1.183593e-06,8.025894e-06,6.8423014e-06
94,14886,14886,11139,4.795666e-06,2.147955e-06,1.386636e-05,1.17184045e-05
95,14099,14099,11139,3.9869497e-06,1.722992e-06,1.150237e-05,9.779378e-06
96,14506,14506,11139,4.3984237e-06,1.9186082e-06,1.267055e-05,1.0751942e-05
97,14285,14285,11139,2.491474e-06,1.072442e-06,7.380852e-06,6.30841e-06
98,14374,14374,11139,2.46782e-06,1.069121e-06,7.1546137e-06,6.0854927e-06
103,2715,2715,11139,2.305196e-08,8.30175e-09,1.156929e-07,1.07391145e-07
107,5458,5458,11139,1.43627e-06,5.923461e-07,5.147278e-06,4.554932e-06
109,3642,3642,11139,5.029386e-08,1.942508e-08,2.3724681e-07,2.1782174e-07
110,8840,8840,11139,4.103382e-08,2.006885e-08,1.2685481e-07,1.0678596e-07
112,16230,16230,11139,1.924388e-06,7.585262e-07,6.042396e-06,5.2838695e-06
113,16346,16346,11139,1.6858739e-06,6.508981e-07,5.3515423e-06,4.7006442e-06
116,15413,15413,11139,1.177932e-06,5.0342123e-07,3.696945e-06,3.1935238e-06
117,15106,15106,11139,1.7425319e-06,7.3062245e-07,5.414643e-06,4.6840205e-06
118,14834,14834,11139,3.040368e-08,1.349328e-08,5.618372e-08,4.2690438e-08
123,15055,15055,11139,4.5649263e-06,2.046509e-06,1.300988e-05,1.0963371e-05
127,5165,5165,11139,3.555128e-07,1.526348e-07,1.332173e-06,1.1795382e-06
130,1450,1450,11139,7.898978e-09,1.566023e-09,4.1807112e-08,4.024109e-08
148,15316,15316,11139,1.2158699e-06,5.2001553e-07,3.8247363e-06,3.3047208e-06
165,1320,1320,11139,8.972386e-08,2.818892e-08,3.7978782e-07,3.515989e-07
170,11699,11699,11139,1.534638e-06,6.4967026e-07,4.554323e-06,3.9046527e-06
171,16195,16195,11139,4.181868e-07,4.927751e-08,1.38153e-06,1.3322524e-06
175,16303,16303,11139,6.886082e-08,1.9029429e-08,2.533553e-07,2.3432587e-07
178,5815,5815,11139,1.241194e-06,4.899729e-07,4.5510888e-06,4.0611158e-06
181,13856,13856,11139,3.970732e-07,1.824339e-07,1.367869e-06,1.1854352e-06
190,10245,10245,11139,1.6139461e-07,5.405143e-08,5.5089777e-07,4.968463e-07
192,8937,8937,11139,7.39301e-06,2.754693e-06,2.206515e-05,1.9310457e-05
193,8129,8129,11139,9.875492e-06,3.492229e-06,3.124171e-05,2.7749482e-05
195,7073,7073,11139,1.151412e-06,4.2588198e-07,4.376285e-06,3.950403e-06
198,15150,15150,11139,6.405488e-08,2.209852e-08,1.781257e-07,1.5602718e-07
200,15093,15093,11139,4.643174e-08,2.230291e-08,1.456807e-07,1.2337779e-07
203,15602,15602,11139,7.303382e-08,3.246913e-08,2.533685e-07,2.2089938e-07
204,15593,15593,11139,7.90904e-08,3.356044e-08,2.744285e-07,2.4086805e-07
205,13655,13655,11139,2.978334e-06,1.1874399e-06,8.824095e-06,7.636655e-06
206,14126,14126,11139,8.096026e-07,3.530266e-07,2.5911709e-06,2.2381444e-06
208,852,852,11139,1.11339595e-07,4.344507e-08,4.881461e-07,4.4470102e-07
210,14195,14195,11139,3.20114e-08,8.651657e-09,1.488495e-07,1.4019784e-07
214,1283,1283,11139,5.0990423e-08,1.5416699e-08,2.14198e-07,1.987813e-07
216,8609,8609,11139,8.131764e-06,2.964589e-06,2.435637e-05,2.1391781e-05
217,10177,10177,11139,1.221768e-06,4.3752908e-07,4.5214188e-06,4.0838895e-06
218,10034,10034,11139,9.510712e-07,3.345356e-07,3.555297e-06,3.2207615e-06
219,9938,9938,11139,1.209222e-06,4.359563e-07,4.437683e-06,4.0017267e-06
222,5955,5955,11139,2.285112e-08,8.6627585e-09,8.7511495e-08,7.8848736e-08
227,9207,9207,11139,7.810334e-07,2.745154e-07,2.957398e-06,2.6828825e-06
228,9694,9694,11139,7.768194e-07,2.7393799e-07,2.938486e-06,2.664548e-06
231,9362,9362,11139,9.160018e-08,2.6470111e-08,3.374802e-07,3.110101e-07
232,11864,11864,11139,2.390986e-06,1.0440699e-06,7.111333e-06,6.0672633e-06
236,11090,11090,11139,1.3581559e-06,5.248883e-07,4.9235923e-06,4.398704e-06
239,4346,4346,11139,3.45356e-07,1.409305e-07,1.405986e-06,1.2650555e-06
240,15855,15855,11139,4.528536e-06,1.9691029e-06,1.3515561e-05,1.1546457e-05
243,5260,5260,11139,1.629412e-07,6.460762e-08,6.8365216e-07,6.1904456e-07
244,11031,11031,11139,5.127308e-07,1.7696e-07,1.7205421e-06,1.543582e-06
245,15614,15614,11139,9.268902e-08,3.927264e-08,3.347819e-07,2.9550927e-07
248,15507,15507,11139,5.304224e-06,2.322292e-06,1.584554e-05,1.35232485e-05
252,16197,16197,11139,2.7588922e-06,1.2399751e-06,8.5955435e-06,7.3555684e-06
253,13176,13176,11139,8.253008e-07,3.3630158e-07,2.574252e-06,2.2379504e-06
254,13632,13632,11139,4.765582e-09,2.369467e-09,1.3851549e-08,1.1482082e-08
255,13477,13477,11139,1.953276e-06,7.879298e-07,5.883933e-06,5.0960034e-06
257,5314,5314,11139,1.3794761e-07,5.807786e-08,5.121821e-07,4.5410425e-07
259,3126,3126,11139,2.8943699e-08,5.783007e-09,1.5721079e-07,1.5142778e-07
261,14721,14721,11139,4.101786e-07,2.1276661e-07,1.3384949e-06,1.1257283e-06
267,5588,5588,11139,4.563952e-07,1.900902e-07,1.8002349e-06,1.6101447e-06
269,15730,15730,11139,7.320282e-08,1.135901e-08,2.872212e-07,2.758622e-07
270,15882,15882,11139,1.8786881e-08,2.619672e-09,6.272928e-08,6.0109606e-08
273,535,535,11139,8.4820704e-07,3.683656e-07,3.131926e-06,2.7635604e-06
279,13706,13706,11139,3.982894e-07,1.580245e-07,1.391534e-06,1.2335096e-06
280,16027,16027,11139,5.2448518e-06,2.280345e-06,1.552642e-05,1.32460755e-05
284,8637,8637,11139,9.101808e-07,3.93631e-07,3.294616e-06,2.9009848e-06
293,6989,6989,11139,1.087394e-06,4.311848e-07,3.885109e-06,3.4539241e-06
295,5297,5297,11139,1.07146e-06,4.259635e-07,3.905052e-06,3.4790885e-06
298,2565,2565,11139,5.062162e-07,1.957158e-07,1.988798e-06,1.7930822e-06
301,15989,15989,11139,4.781904e-06,2.084539e-06,1.425571e-05,1.2171171e-05
305,4893,4893,11139,3.347806e-06,1.268778e-06,1.627072e-05,1.5001942e-05
310,10613,10613,11139,1.58243e-07,5.325721e-08,5.3856195e-07,4.853047e-07
314,3089,3089,11139,1.454548e-07,5.082974e-08,5.9038814e-07,5.395584e-07
317,3813,3813,11139,3.00859e-07,1.060318e-07,1.199773e-06,1.0937412e-06
319,5554,5554,11139,2.771292e-07,1.0172502e-07,1.074975e-06,9.732499e-07
321,7206,7206,11139,5.5247e-07,2.056619e-07,2.091713e-06,1.8860511e-06
324,10978,10978,11139,7.728706e-08,2.899843e-08,1.516553e-07,1.2265687e-07
339,11109,11109,11139,3.9990078e-07,1.3191661e-07,1.3405161e-06,1.2085994e-06
341,8316,8316,11139,4.101494e-08,1.3020371e-08,1.3748439e-07,1.2446402e-07
343,8839,8839,11139,1.573724e-07,5.005037e-08,5.332556e-07,4.8320527e-07
347,11059,11059,11139,7.954352e-07,2.762773e-07,2.756002e-06,2.4797248e-06
349,16202,16202,11139,4.458776e-06,1.994677e-06,1.326781e-05,1.1273132e-05
350,2731,2731,11139,6.051752e-09,5.6563554e-10,3.92604e-08,3.8694765e-08
353,2093,2093,11139,6.441422e-06,2.550562e-06,2.0048461e-05,1.74979e-05
355,788,788,11139,1.397584e-06,4.0014652e-07,8.049554e-06,7.649407e-06
356,353,353,11139,9.546572e-06,3.412672e-06,3.380104e-05,3.0388368e-05
365,7638,7638,11139,3.088064e-05,1.0056663e-05,0.0001093505,9.929384e-05
366,3793,3793,11139,6.195004e-09,6.179003e-10,3.951145e-08,3.889355e-08
367,9470,9470,11139,1.451626e-06,5.284028e-07,5.7912785e-06,5.2628757e-06
370,2754,2754,11139,5.850824e-09,6.5042993e-10,3.3816292e-08,3.316586e-08
395,2841,2841,11139,1.5888559e-09,2.0314339e-10,9.673057e-09,9.469914e-09
396,12724,12724,11139,7.585784e-07,2.95095e-07,2.3267248e-06,2.0316297e-06
401,3793,3793,11139,6.195004e-09,6.179003e-10,3.951145e-08,3.889355e-08
404,10152,10152,11139,9.3319535e-08,2.718453e-08,4.049315e-07,3.7774697e-07
407,8994,8994,11139,1.30726e-08,4.032845e-09,6.103297e-08,5.7000126e-08
408,7908,7908,11139,9.0974e-06,3.1846248e-06,2.920018e-05,2.6015556e-05
409,14757,14757,11139,4.3724398e-07,1.764263e-07,1.394814e-06,1.2183878e-06
416,4933,4933,11139,4.213172e-05,1.2460459e-05,0.0001761757,0.00016371525
418,15212,15212,11139,7.857683e-09,1.3765691e-09,2.7574409e-08,2.6197839e-08
421,8336,8336,11139,2.03469e-07,7.2750964e-08,7.8122946e-07,7.084785e-07
422,9163,9163,11139,1.4602999e-07,4.796135e-08,4.982488e-07,4.5028747e-07
425,2760,2760,11139,1.957852e-08,6.009836e-09,8.303632e-08,7.7026485e-08
426,1418,1418,11139,4.330038e-08,5.07533e-09,2.431044e-07,2.3802907e-07
430,8170,8170,11139,1.8741819e-08,1.924295e-09,1.0868362e-07,1.0675933e-07
434,10165,10165,11139,1.443826e-07,4.856567e-08,4.935995e-07,4.450338e-07
436,2373,2373,11139,3.7710402e-07,1.580845e-07,1.589364e-06,1.4312795e-06
438,8606,8606,11139,1.498444e-07,4.765554e-08,5.075915e-07,4.5993596e-07
445,5790,5790,11139,1.217092e-06,5.00137e-07,4.1826943e-06,3.6825572e-06
447,10183,10183,11139,1.0587612e-06,4.1192618e-07,3.84787e-06,3.435944e-06
448,13475,13475,11139,2.030234e-09,3.0528072e-10,9.141774e-09,8.836492e-09
450,9670,9670,11139,7.3562137e-06,3.2738722e-06,1.9840689e-05,1.6566817e-05
454,6525,6525,11139,5.286632e-06,2.0074358e-06,1.969502e-05,1.7687584e-05
465,5340,5340,11139,2.9292998e-08,1.409867e-08,7.050363e-08,5.640496e-08
469,3104,3104,11139,1.414102e-08,2.9927492e-09,6.701748e-08,6.402473e-08
473,15370,15370,11139,1.0170012e-08,1.841501e-09,3.608499e-08,3.424349e-08
474,12922,12922,11139,1.0601268e-08,3.360019e-09,3.3947913e-08,3.0587895e-08
486,11558,11558,11139,5.611486e-09,2.196869e-09,1.913537e-08,1.6938502e-08
487,11572,11572,11139,1.234522e-08,5.3839253e-09,3.793187e-08,3.2547945e-08
488,1685,1685,11139,4.837652e-09,9.66245e-10,2.53921e-08,2.4425855e-08
493,9622,9622,11139,1.035956e-07,4.203151e-08,3.23949e-07,2.819175e-07
495,13721,13721,11139,9.7814e-07,3.614877e-07,2.001743e-06,1.6402553e-06
498,2696,2696,11139,1.0175068e-08,2.05808e-09,5.851837e-08,5.646029e-08
504,3793,3793,11139,6.195004e-09,6.179003e-10,3.951145e-08,3.889355e-08
509,15689,15689,11139,9.686696e-09,1.8578621e-09,3.66608e-08,3.4802937e-08
510,14854,14854,11139,1.501166e-06,6.882479e-07,4.474601e-06,3.7863533e-06
526,6803,6803,11139,1.291642e-06,4.49345e-07,5.522003e-06,5.072658e-06
535,3310,3310,11139,8.422906e-09,7.8058415e-10,5.63779e-08,5.5597315e-08
553,464,464,11139,3.7837158e-06,1.664534e-06,1.048759e-05,8.823055e-06
562,9751,9751,11139,3.4625e-08,1.694906e-08,1.089142e-07,9.196514e-08
571,428,428,11139,2.050474e-09,2.191709e-10,1.4346391e-08,1.412722e-08
572,3260,3260,11139,4.64757e-09,4.439476e-10,3.02257e-08,2.9781752e-08
573,5931,5931,11139,1.104568e-06,4.162076e-07,4.287046e-06,3.8708386e-06
581,11132,11132,11139,2.58011e-07,1.260444e-07,8.1586643e-07,6.8982206e-07
584,11437,11437,11139,1.092296e-07,4.749025e-08,3.571319e-07,3.0964165e-07
591,10302,10302,11139,3.509236e-06,1.427151e-06,1.238846e-05,1.0961309e-05
595,6861,6861,11139,3.518734e-07,1.318451e-07,1.356673e-06,1.2248279e-06
620,5215,5215,11139,1.0591361e-08,1.1689216e-09,6.0554044e-08,5.9385123e-08
623,5175,5175,11139,1.7193681e-08,6.3155614e-09,5.857992e-08,5.226436e-08
638,5515,5515,11139,3.941798e-09,4.300787e-10,2.276268e-08,2.2332602e-08
643,5489,5489,11139,3.773368e-06,1.1971481e-06,1.853978e-05,1.7342632e-05
646,6051,6051,11139,2.188422e-09,2.240643e-10,1.348171e-08,1.3257646e-08
647,4972,4972,11139,2.9749938e-07,1.058987e-07,1.1802169e-06,1.0743182e-06
667,4358,4358,11139,4.393974e-06,1.581024e-06,1.388133e-05,1.23003065e-05
672,1031,1031,11139,6.142244e-09,1.0657577e-09,3.139938e-08,3.0333624e-08
673,1694,1694,11139,1.28224205e-08,2.449096e-09,7.681067e-08,7.436157e-08
674,4654,4654,11139,4.62754e-08,8.474927e-09,2.489159e-07,2.4044098e-07
675,5611,5611,11139,1.264152e-06,4.976792e-07,4.440651e-06,3.942972e-06
684,4047,4047,11139,4.228296e-07,1.590127e-07,1.705533e-06,1.5465203e-06
687,3848,3848,11139,5.060194e-07,1.6188949e-07,2.371055e-06,2.2091654e-06
695,3024,3024,11139,7.491976e-07,2.739296e-07,3.7301088e-06,3.4561792e-06
737,5333,5333,11139,1.3564541e-07,2.4712861e-08,6.571175e-07,6.3240464e-07
747,2978,2978,11139,2.496678e-08,4.97893e-09,1.636789e-07,1.5869998e-07
765,5217,5217,11139,3.588026e-07,1.36748e-07,1.451919e-06,1.3151711e-06
789,650,650,11139,3.923406e-09,4.234387e-10,2.625133e-08,2.5827891e-08
790,10220,10220,11139,1.0063124e-05,4.32052e-06,2.752749e-05,2.320697e-05
822,5889,5889,11139,2.447028e-08,9.378624e-09,9.6190576e-08,8.681195e-08
862,10307,10307,11139,9.134938e-08,2.4343151e-08,3.827837e-07,3.5844056e-07
863,10350,10350,11139,8.760842e-08,2.215171e-08,3.622298e-07,3.400781e-07
869,9903,9903,11139,7.903082e-08,3.653988e-08,2.4350982e-07,2.0696993e-07
897,9890,9890,11139,9.521064e-07,3.348647e-07,3.559475e-06,3.2246103e-06
920,16027,16027,11139,5.2448518e-06,2.280345e-06,1.552642e-05,1.32460755e-05
927,14786,14786,11139,4.544688e-06,2.0431971e-06,1.299263e-05,1.0949433e-05
929,15456,15456,11139,4.65654e-06,2.05066e-06,1.327194e-05,1.122128e-05
936,9902,9902,11139,3.802154e-08,1.487585e-08,1.3919441e-07,1.2431856e-07
937,9073,9073,11139,1.629078e-08,4.424146e-09,8.703943e-08,8.261529e-08
943,6833,6833,11139,4.21811e-09,4.8667803e-10,2.1850969e-08,2.1364292e-08
948,11121,11121,11139,7.863904e-07,2.7423522e-07,2.734232e-06,2.459997e-06
953,5145,5145,11139,1.37436e-08,4.510623e-09,5.4203902e-08,4.9693277e-08
964,6319,6319,11139,4.55167e-09,5.1982263e-10,2.33871e-08,2.2867278e-08
968,10165,10165,11139,1.443826e-07,4.856567e-08,4.935995e-07,4.450338e-07
971,6790,6790,11139,3.75138e-08,1.1727066e-08,1.299534e-07,1.1822634e-07
972,10960,10960,11139,6.643472e-07,2.3320149e-07,2.292186e-06,2.0589846e-06
976,14546,14546,11139,4.35004e-06,1.8975679e-06,1.255094e-05,1.0653372e-05
977,14547,14547,11139,7.294846e-06,3.3662411e-06,2.170215e-05,1.8335908e-05
989,14409,14409,11139,3.49555e-07,1.515714e-07,1.038368e-06,8.8679667e-07
995,14446,14446,11139,2.29522e-06,1.0115066e-06,6.715334e-06,5.703828e-06
1000,10780,10780,11139,2.785388e-07,9.27159e-08,9.416409e-07,8.48925e-07
1007,15506,15506,11139,6.705364e-07,3.2002953e-07,2.284193e-06,1.9641634e-06
1016,10518,10518,11139,9.567066e-07,4.067217e-07,2.91231e-06,2.5055883e-06
1026,15015,15015,11139,4.6140817e-06,2.050449e-06,1.313893e-05,1.1088481e-05
1027,15578,15578,11139,6.677176e-07,3.133901e-07,2.254888e-06,1.9414979e-06
1051,8615,8615,11139,8.594086e-08,3.3653002e-08,2.90028e-07,2.56375e-07
1057,9928,9928,11139,2.276424e-07,9.510664e-08,7.0050703e-07,6.054004e-07
1082,16288,16288,11139,3.907684e-08,1.434541e-08,1.251755e-07,1.1083009e-07
1085,15180,15180,11139,6.52164e-07,1.9789101e-07,2.205351e-06,2.00746e-06
1087,16378,16378,11139,4.361254e-06,1.7789e-06,1.327523e-05,1.149633e-05
1100,16285,16285,11139,2.022568e-06,9.19755e-07,6.390853e-06,5.4710977e-06
1118,11721,11721,11139,1.606326e-06,6.829506e-07,4.7802796e-06,4.097329e-06
1119,12142,12142,11139,6.035374e-09,6.896645e-10,3.391214e-08,3.3222477e-08
1120,12147,12147,11139,1.313428e-07,4.336428e-08,5.022389e-07,4.588746e-07
1123,11174,11174,11139,3.206154e-07,1.549011e-07,1.015061e-06,8.601599e-07
1127,11747,11747,11139,1.49277e-07,6.787587e-08,4.713326e-07,4.0345674e-07
1128,11526,11526,11139,1.110386e-07,4.839898e-08,3.5970749e-07,3.113085e-07
1129,11636,11636,11139,1.609068e-06,6.834121e-07,4.7792573e-06,4.0958453e-06
1136,12145,12145,11139,5.574148e-07,1.02673496e-07,2.5029171e-06,2.4002436e-06
1144,12673,12673,11139,2.172908e-05,9.906284e-06,5.9775208e-05,4.9868926e-05
1147,13401,13401,11139,1.5263519e-09,5.368429e-10,4.789675e-09,4.252832e-09
1148,13297,13297,11139,1.823304e-09,5.7396077e-10,6.284699e-09,5.710738e-09
1151,12297,12297,11139,4.8461337e-09,2.1937079e-09,1.492881e-08,1.2735102e-08
1152,12297,12297,11139,4.8461337e-09,2.1937079e-09,1.492881e-08,1.2735102e-08
1153,12514,12514,11139,3.854956e-09,1.473104e-09,1.258956e-08,1.1116455e-08
1154,12514,12514,11139,3.854956e-09,1.473104e-09,1.258956e-08,1.1116455e-08
1169,13199,13199,11139,3.355326e-08,1.41586405e-08,1.064483e-07,9.228965e-08
1170,13632,13632,11139,4.765582e-09,2.369467e-09,1.3851549e-08,1.1482082e-08
1174,13424,13424,11139,2.147872e-06,8.560943e-07,6.421303e-06,5.565209e-06
1179,14167,14167,11139,3.413124e-09,1.057174e-09,9.652136e-09,8.594962e-09
1194,14421,14421,11139,6.89806e-09,2.396467e-09,1.851072e-08,1.6114253e-08
1202,14704,14704,11139,3.293982e-07,1.484033e-07,1.030542e-06,8.821387e-07
1205,14854,14854,11139,1.501166e-06,6.882479e-07,4.474601e-06,3.7863533e-06
1215,13648,13648,11139,8.10093e-07,8.899606e-08,2.921328e-06,2.8323318e-06
1232,14773,14773,11139,4.000212e-06,1.779419e-06,1.1590781e-05,9.811361e-06
1237,8403,8403,11139,4.85601e-09,5.76866e-10,2.571767e-08,2.5140803e-08
1238,14797,14797,11139,3.067822e-07,1.2840161e-07,1.009892e-06,8.814904e-07
1240,14989,14989,11139,5.590268e-09,2.1193212e-09,1.156233e-08,9.443008e-09
1242,14742,14742,11139,4.056574e-07,2.103946e-07,1.317507e-06,1.1071124e-06
1244,15472,15472,11139,3.8911242e-08,2.107312e-08,1.203858e-07,9.9312686e-08
1245,15592,15592,11139,5.205948e-08,2.7313689e-08,1.79663e-07,1.5234932e-07
1247,14138,14138,11139,1.11557e-07,4.1872653e-08,3.74605e-07,3.3273236e-07
1251,14467,14467,11139,1.63315e-06,6.957217e-07,5.147655e-06,4.4519334e-06
1272,10518,10518,11139,9.567066e-07,4.067217e-07,2.91231e-06,2.5055883e-06
1273,11747,11747,11139,1.49277e-07,6.787587e-08,4.713326e-07,4.0345674e-07
1282,16162,16162,11139,1.332582e-06,5.841038e-07,3.9826264e-06,3.3985225e-06
1283,16168,16168,11139,5.7339503e-06,2.5771878e-06,1.692169e-05,1.4344501e-05
1284,16489,16489,11139,7.241812e-09,7.002129e-10,2.4613609e-08,2.3913396e-08
1310,12459,12459,11139,3.98196e-06,1.7591269e-06,1.161918e-05,9.860054e-06
1318,9646,9646,11139,5.62247e-06,1.961612e-06,1.836818e-05,1.6406568e-05
1328,10854,10854,11139,3.14386e-07,1.040082e-07,1.0599911e-06,9.559828e-07
1331,11248,11248,11139,1.314942e-07,2.1456101e-08,4.322628e-07,4.108067e-07
1333,5350,5350,11139,1.615272e-06,6.751852e-07,5.650535e-06,4.97535e-06
1341,4259,4259,11139,3.49438e-08,1.3733111e-08,1.492146e-07,1.3548149e-07
1368,11942,11942,11139,1.67015e-08,6.892443e-09,4.4828088e-08,3.7935646e-08
1375,11646,11646,11139,1.912416e-06,1.03125e-06,5.815262e-06,4.7840117e-06
1381,11025,11025,11139,6.065298e-09,8.6604424e-10,2.684606e-08,2.5980015e-08
1384,11971,11971,11139,2.927814e-08,6.061561e-09,1.3421999e-07,1.2815843e-07
1385,12117,12117,11139,9.02469e-08,3.033542e-08,4.072723e-07,3.7693687e-07
1396,11150,11150,11139,2.427184e-08,6.3818533e-09,6.8990815e-08,6.260896e-08
1403,11557,11557,11139,1.4405761e-07,6.3882595e-08,4.636243e-07,3.997417e-07
1406,12906,12906,11139,4.98869e-07,1.984387e-07,1.5302439e-06,1.3318053e-06
1407,13055,13055,11139,5.3075238e-09,1.1644039e-09,2.5836979e-08,2.4672575e-08
1409,13485,13485,11139,2.41902e-06,9.683301e-07,7.2583834e-06,6.2900535e-06
1411,13241,13241,11139,2.860536e-08,2.578597e-09,1.152564e-06,1.1499853e-06
1413,14460,14460,11139,7.11369e-09,2.462785e-09,1.9014589e-08,1.6551803e-08
1415,14192,14192,11139,1.964608e-08,5.429094e-09,7.52614e-08,6.98323e-08
1416,14175,14175,11139,1.960016e-08,4.8768554e-09,8.5178904e-08,8.030205e-08
1417,14067,14067,11139,7.0631324e-07,2.939167e-07,2.280878e-06,1.9869615e-06
1418,13619,13619,11139,3.125386e-06,1.244812e-06,9.231448e-06,7.986636e-06
1424,13480,13480,11139,7.374936e-10,2.691687e-10,2.161195e-09,1.8920263e-09
1425,15696,15696,11139,5.822944e-09,7.81675e-10,2.2476609e-08,2.1694934e-08
1427,15517,15517,11139,1.146816e-06,4.913773e-07,3.59478e-06,3.1034028e-06
1432,14624,14624,11139,1.110776e-06,4.207694e-07,3.605302e-06,3.1845327e-06
1439,14440,14440,11139,2.384836e-06,1.028643e-06,6.9233847e-06,5.8947417e-06
1442,16073,16073,11139,5.288494e-06,2.306141e-06,1.56659e-05,1.335976e-05
1443,16442,16442,11139,1.844224e-08,2.046121e-09,6.061733e-08,5.857121e-08
1444,16480,16480,11139,1.360244e-05,5.808407e-06,4.180231e-05,3.59939e-05
1478,2802,2802,11139,9.373844e-06,3.7387451e-06,3.00065e-05,2.6267755e-05
1482,13540,13540,11139,4.5662163e-09,2.2106081e-09,1.364673e-08,1.1436121e-08
1484,13708,13708,11139,7.72864e-07,3.216939e-07,2.4837182e-06,2.1620242e-06
1486,14153,14153,11139,6.724826e-09,3.205561e-09,2.473092e-08,2.152536e-08
1494,9317,9317,11139,9.534734e-07,3.720831e-07,3.469252e-06,3.097169e-06
1503,14310,14310,11139,1.579968e-08,1.950983e-09,8.223272e-08,8.028174e-08
1519,12207,12207,11139,2.008836e-07,6.9037725e-08,6.8416864e-07,6.1513094e-07
1573,12427,12427,11139,1.329306e-07,5.9183762e-08,3.259358e-07,2.66752e-07
1576,12371,12371,11139,4.435218e-09,1.95098e-09,1.381009e-08,1.185911e-08
1580,15700,15700,11139,8.06509e-08,4.1448843e-08,3.096331e-07,2.6818424e-07
1584,14539,14539,11139,2.796896e-09,7.991976e-10,6.523697e-09,5.7244995e-09
1585,15290,15290,11139,5.91976e-08,2.891134e-08,1.8985031e-07,1.6093897e-07
1587,13276,13276,11139,2.2709579e-09,2.768814e-10,8.928978e-09,8.652096e-09
1590,13179,13179,11139,1.42315395e-08,2.030909e-09,5.986103e-08,5.783012e-08
1591,13218,13218,11139,8.091688e-09,1.5420911e-09,3.267218e-08,3.113009e-08
1594,11802,11802,11139,8.696582e-09,3.083088e-09,2.309028e-08,2.0007192e-08
1597,13192,13192,11139,1.923038e-09,6.148846e-10,4.4655977e-09,3.850713e-09
74781,11484,11484,11139,1.13613e-08,4.996878e-09,3.7042e-08,3.2045122e-08
74823,13629,13629,11139,4.843724e-09,1.864814e-09,9.659081e-09,7.794267e-09
74826,13755,13755,11139,3.33962e-09,1.3512329e-09,8.882918e-09,7.5316855e-09
74843,14805,14805,11139,2.26265e-07,1.0113658e-07,7.6803315e-07,6.6689654e-07
75221,14752,14752,11139,9.327858e-07,3.691557e-07,2.36865e-06,1.9994943e-06
75245,15726,15726,11139,1.701946e-07,7.394617e-08,6.01459e-07,5.2751284e-07
75792,16273,16273,11139,2.071102e-06,8.140508e-07,6.514085e-06,5.700034e-06
75896,14687,14687,11139,1.0071268e-09,1.1725049e-10,3.75571e-09,3.6384595e-09
75902,15478,15478,11139,1.7884e-08,7.041722e-09,2.926696e-08,2.2225239e-08
77327,10769,10769,11139,1.106388e-06,4.339601e-07,4.043619e-06,3.6096587e-06
77356,3802,3802,11139,2.74266e-07,9.6432856e-08,1.096313e-06,9.998802e-07
77379,3424,3424,11139,7.315684e-07,2.871464e-07,2.789478e-06,2.5023317e-06
77382,7098,7098,11139,1.556004e-08,2.181225e-09,8.3107054e-08,8.092583e-08
89951,14139,14139,11139,7.4502236e-07,2.83689e-07,2.250856e-06,1.967167e-06
90057,13887,13887,11139,7.0809523e-09,2.180895e-09,1.797181e-08,1.5790915e-08
92252,8627,8627,11139,2.320254e-06,8.397199e-07,8.2505485e-06,7.4108284e-06
96141,12147,12147,11139,1.313428e-07,4.336428e-08,5.022389e-07,4.588746e-07
96981,14473,14473,11139,9.21827e-09,1.409806e-09,3.7490253e-08,3.6080447e-08
96982,14473,14473,11139,9.21827e-09,1.409806e-09,3.7490253e-08,3.6080447e-08
98961,13958,13958,11139,6.754716e-07,2.8608548e-07,2.193907e-06,1.9078216e-06
115927,1800,1800,11139,1.56857e-08,3.3929122e-09,9.690484e-08,9.351193e-08
135344,11465,11465,11139,2.395662e-09,4.534648e-10,8.580436e-09,8.126971e-09
135491,13537,13537,11139,2.152288e-09,3.139498e-10,9.740919e-09,9.426969e-09
135535,13553,13553,11139,2.3087061e-09,2.9716452e-10,1.006949e-08,9.772325e-09
142369,15542,15542,11139,5.29576e-08,2.79614e-08,1.737657e-07,1.458043e-07
144117,11659,11659,11139,1.523356e-06,6.5300486e-07,4.647745e-06,3.99474e-06
144394,878,878,11139,1.079964e-08,1.779275e-09,5.211767e-08,5.0338397e-08
144847,9433,9433,11139,1.5651079e-09,2.523487e-10,6.119374e-09,5.867025e-09
145577,11819,11819,11139,9.036376e-09,3.354507e-09,2.3303429e-08,1.994892e-08
145629,10086,10086,11139,8.981008e-09,4.2853e-09,2.851652e-08,2.423122e-08
145630,13421,13421,11139,1.5805359e-06,6.386996e-07,4.7412386e-06,4.102539e-06
150923,15470,15470,11139,8.4806686e-08,3.6289812e-08,2.642065e-07,2.279167e-07
151011,14893,14893,11139,4.54965e-06,2.043499e-06,1.298323e-05,1.0939731e-05
151012,15013,15013,11139,4.57585e-06,2.052406e-06,1.303577e-05,1.09833645e-05
151332,16156,16156,11139,5.422108e-06,2.4327019e-06,1.610677e-05,1.3674067e-05
151950,10825,10825,11139,7.345812e-08,2.884875e-08,1.437175e-07,1.14868755e-07
152682,10422,10422,11139,7.479062e-08,3.257538e-08,1.799848e-07,1.4740942e-07
153344,13906,13906,11139,1.03902e-08,2.778332e-09,5.404518e-08,5.126685e-08
153768,10286,10286,11139,8.249284e-08,2.918558e-08,3.015264e-07,2.7234083e-07
153775,10031,10031,11139,8.943002e-08,2.710469e-08,3.9127428e-07,3.6416958e-07
153937,16187,16187,11139,1.330614e-06,5.597525e-07,4.2832025e-06,3.72345e-06
153943,5168,5168,11139,1.93467e-05,7.728422e-06,6.1831815e-05,5.4103395e-05
154010,9885,9885,11139,2.9743362e-07,3.787332e-08,9.577456e-07,9.1987226e-07
154011,9617,9617,11139,4.36731e-06,1.873664e-06,1.217321e-05,1.0299546e-05
154014,5874,5874,11139,1.18371e-06,4.570256e-07,4.135385e-06,3.6783595e-06
154019,7835,7835,11139,1.160672e-05,4.000535e-06,3.773519e-05,3.3734654e-05
154082,1725,1725,11139,8.645844e-09,1.5087019e-09,4.162424e-08,4.0115538e-08
154939,12186,12186,11139,9.886296e-08,1.829555e-08,4.843582e-07,4.660627e-07
155342,8539,8539,11139,4.458548e-08,2.212434e-08,1.432598e-07,1.2113546e-07
155343,8290,8290,11139,1.693612e-08,8.054851e-09,2.8797508e-08,2.0742657e-08
155747,2837,2837,11139,7.651348e-08,2.503345e-08,3.1530982e-07,2.9027638e-07
156865,11300,11300,11139,1.04476e-07,1.74067e-08,4.1908368e-07,4.0167697e-07
157220,11734,11734,11139,2.474262e-06,1.060019e-06,7.2808816e-06,6.220863e-06
157221,11734,11734,11139,2.474262e-06,1.060019e-06,7.2808816e-06,6.220863e-06
157414,14681,14681,11139,1.137356e-06,5.629226e-07,3.333179e-06,2.7702563e-06
157424,12398,12398,11139,3.989848e-06,1.763018e-06,1.164506e-05,9.882042e-06
157469,3345,3345,11139,1.759354e-07,6.0146974e-08,7.270984e-07,6.669514e-07
157846,6660,6660,11139,2.2638961e-08,6.294086e-09,1.36328e-07,1.3003391e-07
158030,2973,2973,11139,2.298832e-08,4.27772e-09,1.167124e-07,1.1243468e-07
158422,3892,3892,11139,4.005684e-07,1.6695e-07,1.636813e-06,1.4698629e-06
158430,4483,4483,11139,4.556118e-07,1.8890088e-07,1.8167281e-06,1.6278271e-06
158431,5156,5156,11139,4.50321e-07,1.874443e-07,1.786845e-06,1.5994008e-06
158432,5588,5588,11139,4.563952e-07,1.900902e-07,1.8002349e-06,1.6101447e-06
158483,4092,4092,11139,4.338442e-07,1.7987631e-07,1.763594e-06,1.5837177e-06
158553,1878,1878,11139,1.21882e-08,2.366085e-09,6.4951664e-08,6.258558e-08
158554,4091,4091,11139,5.672082e-07,2.329718e-07,2.1517171e-06,1.9187453e-06
158667,3028,3028,11139,5.142078e-07,2.1027199e-07,2.176039e-06,1.965767e-06
158686,2799,2799,11139,9.983288e-09,1.7358119e-09,6.661634e-08,6.4880524e-08
158687,4235,4235,11139,2.5894419e-08,4.669743e-09,1.565146e-07,1.5184486e-07
158753,12283,12283,11139,5.41299e-10,6.762521e-11,1.982307e-09,1.9146817e-09
158760,14799,14799,11139,2.11488e-09,4.553028e-10,7.92744e-09,7.472138e-09
158875,6928,6928,11139,3.905126e-06,1.599415e-06,1.141537e-05,9.815955e-06
159224,1015,1015,11139,3.425946e-09,3.6252018e-10,2.2728262e-08,2.2365741e-08
159225,872,872,11139,1.652032e-09,1.7653551e-10,1.10964296e-08,1.0919894e-08
159226,292,292,11139,5.03831e-09,5.461441e-10,3.9322742e-08,3.8776598e-08
159227,692,692,11139,3.567136e-09,4.09912e-10,2.283701e-08,2.2427098e-08
160136,907,907,11139,7.35058e-06,2.917818e-06,2.319911e-05,2.0281293e-05
160152,8609,8609,11139,8.131764e-06,2.964589e-06,2.435637e-05,2.1391781e-05
160280,2831,2831,11139,9.047902e-08,3.013912e-08,3.641981e-07,3.3405897e-07
161344,8229,8229,11139,2.065722e-08,2.094695e-09,1.1972631e-07,1.17631615e-07
161366,7870,7870,11139,9.418876e-09,1.0264306e-09,5.6380777e-08,5.5354345e-08
161389,7840,7840,11139,9.229718e-09,1.011348e-09,5.504117e-08,5.4029822e-08
161421,7913,7913,11139,8.7398515e-09,9.737671e-10,5.611036e-08,5.5136592e-08
161422,7874,7874,11139,8.1514075e-09,9.077521e-10,5.045048e-08,4.9542727e-08
161428,8085,8085,11139,3.4690841e-09,3.993159e-10,1.8454891e-08,1.8055575e-08
161434,8321,8321,11139,3.254314e-09,3.7328352e-10,1.7258348e-08,1.6885064e-08
162382,14742,14742,11139,4.056574e-07,2.103946e-07,1.317507e-06,1.1071124e-06
162703,6687,6687,11139,2.946876e-08,3.218225e-09,1.6776269e-07,1.6454447e-07
162739,14543,14543,11139,2.3014982e-06,9.989963e-07,6.976018e-06,5.977022e-06
162743,2748,2748,11139,6.589928e-08,2.187052e-08,2.635763e-07,2.4170578e-07
162744,2592,2592,11139,4.701558e-09,1.0367773e-09,3.097012e-08,2.9933343e-08
162745,2592,2592,11139,4.701558e-09,1.0367773e-09,3.097012e-08,2.9933343e-08
163019,16308,16308,11139,2.0310902e-06,9.242219e-07,6.414629e-06,5.4904067e-06
163099,1019,1019,11139,1.616508e-07,5.6796942e-08,6.851345e-07,6.283376e-07
163100,898,898,11139,8.941766e-07,3.467569e-07,3.393724e-06,3.046967e-06
163239,5809,5809,11139,1.263146e-06,4.3332778e-07,5.1868337e-06,4.753506e-06
163259,6563,6563,11139,2.588488e-08,2.947725e-09,1.48585e-07,1.4563727e-07
163401,10044,10044,11139,3.783398e-09,5.402631e-10,1.3955891e-08,1.3415628e-08
163419,9591,9591,11139,1.466192e-08,6.740429e-09,2.783985e-08,2.109942e-08
163459,3467,3467,11139,2.514622e-09,2.720809e-10,1.612274e-08,1.585066e-08
163460,2907,2907,11139,1.801032e-09,1.821269e-10,1.1574249e-08,1.1392122e-08
163463,9033,9033,11139,3.403724e-07,1.21139e-07,1.293738e-06,1.172599e-06
163464,7627,7627,11139,2.305718e-08,1.010991e-08,8.280031e-08,7.2690405e-08
163465,9069,9069,11139,2.518806e-07,9.032825e-08,9.699402e-07,8.7961195e-07
163466,8707,8707,11139,4.2125998e-07,1.650491e-07,1.570176e-06,1.4051269e-06
163485,6605,6605,11139,2.177488e-08,8.133817e-09,8.308277e-08,7.494895e-08
163486,10926,10926,11139,2.446298e-07,4.256636e-08,8.7064916e-07,8.280828e-07
163683,765,765,11139,5.2027738e-09,5.893807e-10,3.338974e-08,3.2800358e-08
163684,675,675,11139,4.9567017e-09,5.5234683e-10,3.219139e-08,3.1639043e-08
163685,639,639,11139,4.0007917e-09,4.37632e-10,2.651662e-08,2.6078988e-08
163686,1167,1167,11139,2.051466e-08,5.954262e-09,8.776244e-08,8.1808174e-08
163790,2713,2713,11139,1.576988e-08,2.943588e-09,1.076101e-07,1.0466651e-07
163792,4091,4091,11139,5.672082e-07,2.329718e-07,2.1517171e-06,1.9187453e-06
163803,3031,3031,11139,1.04907e-08,2.0517081e-09,6.0098955e-08,5.804725e-08
163810,4322,4322,11139,1.9899941e-08,3.194343e-09,1.16461905e-07,1.1326756e-07
163839,4259,4259,11139,3.49438e-08,1.3733111e-08,1.492146e-07,1.3548149e-07
163859,5665,5665,11139,4.18716e-07,1.796421e-07,1.522186e-06,1.3425439e-06
163879,6034,6034,11139,1.959628e-06,7.341819e-07,7.3385363e-06,6.6043544e-06
163880,3509,3509,11139,5.2635283e-09,8.6955e-10,3.090295e-08,3.0033398e-08
163899,5925,5925,11139,1.536504e-06,6.156041e-07,6.203949e-06,5.5883447e-06
163923,2850,2850,11139,8.844294e-06,3.4894879e-06,2.8711169e-05,2.5221681e-05
163924,1511,1511,11139,5.6341815e-07,2.5431672e-07,1.914706e-06,1.6603892e-06
163944,765,765,11139,5.2027738e-09,5.893807e-10,3.338974e-08,3.2800358e-08
164199,2738,2738,11139,8.817046e-09,1.579062e-09,4.27219e-08,4.114284e-08
164359,8898,8898,11139,2.486334e-07,2.9443058e-08,8.020244e-07,7.725813e-07
164360,8811,8811,11139,7.436586e-06,2.7674582e-06,2.2190521e-05,1.9423063e-05
169803,16202,16202,11139,4.458776e-06,1.994677e-06,1.326781e-05,1.1273132e-05
171924,15666,15666,11139,7.14057e-09,9.347926e-10,2.7530191e-08,2.65954e-08
175545,11863,11863,11139,2.190078e-09,3.12112e-10,8.376306e-09,8.064194e-09
180965,7105,7105,11139,2.24459e-08,3.597826e-09,1.255575e-07,1.2195969e-07
180966,7010,7010,11139,2.42244e-08,3.950939e-09,1.375787e-07,1.3362775e-07
185405,12190,12190,11139,1.138186e-08,1.3018631e-09,5.569308e-08,5.4391215e-08
185406,12119,12119,11139,4.2562e-09,4.5530432e-10,1.984935e-08,1.9394045e-08
190091,9146,9146,11139,2.445366e-07,8.930625e-08,9.434999e-07,8.541937e-07
190092,9093,9093,11139,3.490228e-07,1.231299e-07,1.3381921e-06,1.2150622e-06
190511,8527,8527,11139,4.7538378e-09,5.70583e-10,2.487674e-08,2.4306157e-08
190621,4235,4235,11139,2.5894419e-08,4.669743e-09,1.565146e-07,1.5184486e-07
192471,13584,13584,11139,1.53969e-09,2.4272112e-10,6.868697e-09,6.625976e-09
194434,1278,1278,11139,6.004136e-09,9.144545e-10,2.8575869e-08,2.7661414e-08
195071,10760,10760,11139,2.809984e-07,9.292948e-08,9.5045357e-07,8.5752407e-07
195072,10760,10760,11139,2.809984e-07,9.292948e-08,9.5045357e-07,8.5752407e-07
195073,10742,10742,11139,2.82397e-07,9.300676e-08,9.538124e-07,8.608057e-07
197176,934,934,11139,4.876508e-07,1.8185429e-07,1.996913e-06,1.8150587e-06
197177,954,954,11139,4.69927e-07,1.707583e-07,1.9525069e-06,1.7817486e-06
197331,5180,5180,11139,3.074722e-07,1.095544e-07,1.221269e-06,1.1117146e-06
197332,5781,5781,11139,2.755348e-07,1.0057884e-07,1.070953e-06,9.703741e-07
201051,12248,12248,11139,5.354692e-07,9.9961525e-08,2.865468e-06,2.7655067e-06
201052,12898,12898,11139,4.60827e-08,4.965666e-09,1.972961e-07,1.9233043e-07
201291,9958,9958,11139,1.209916e-06,4.359335e-07,4.436367e-06,4.0004334e-06
201651,12785,12785,11139,4.49846e-08,3.735175e-09,1.737779e-06,1.7340438e-06
201731,9751,9751,11139,3.4625e-08,1.694906e-08,1.089142e-07,9.196514e-08
201871,4991,4991,11139,4.3311118e-07,5.7120538e-08,2.974233e-06,2.9171124e-06
201972,10960,10960,11139,6.643472e-07,2.3320149e-07,2.292186e-06,2.0589846e-06
202038,504,504,11139,8.8424564e-08,3.148888e-08,3.854496e-07,3.5396073e-07
202051,850,850,11139,1.6502619e-09,1.743274e-10,1.118657e-08,1.1012243e-08
202191,7393,7393,11139,3.053446e-07,3.780226e-08,2.648065e-06,2.6102628e-06
202192,6066,6066,11139,1.609828e-06,5.9734407e-07,5.5551072e-06,4.957763e-06
202193,7890,7890,11139,1.6168821e-06,6.0918353e-07,6.2695017e-06,5.660318e-06
202215,1625,1625,11139,5.947772e-07,2.406902e-07,2.387626e-06,2.1469357e-06
202216,3551,3551,11139,3.144256e-10,3.3304193e-11,1.778063e-09,1.7447588e-09
202218,1546,1546,11139,2.897612e-09,5.6499694e-10,1.5857982e-08,1.5292985e-08
202238,9078,9078,11139,3.86566e-09,7.235621e-10,1.519766e-08,1.4474098e-08
202239,4411,4411,11139,2.337242e-08,2.238255e-09,1.390015e-07,1.3676325e-07
202240,2583,2583,11139,3.386626e-09,3.312165e-10,2.129919e-08,2.0967974e-08
202256,13148,13148,11139,4.414682e-10,6.368281e-11,1.7994359e-09,1.7357531e-09
202294,2469,2469,11139,1.120382e-08,2.25231e-09,6.7105496e-08,6.485319e-08
202295,10921,10921,11139,1.219846e-06,5.1001507e-07,3.661301e-06,3.151286e-06
202427,16025,16025,11139,1.026074e-07,1.154428e-08,3.522589e-07,3.4071462e-07
202428,15032,15032,11139,1.798326e-06,7.485512e-07,5.61861e-06,4.8700585e-06
202539,16203,16203,11139,1.756462e-08,2.127837e-09,5.809651e-08,5.5968673e-08
202564,13348,13348,11139,6.250672e-06,2.492766e-06,2.0573858e-05,1.8081091e-05
202571,10024,10024,11139,2.0260919e-05,8.610759e-06,5.5635e-05,4.7024238e-05
202631,3046,3046,11139,2.744958e-06,1.108354e-06,9.373152e-06,8.264798e-06
202632,3778,3778,11139,4.01201e-07,1.670241e-07,1.638604e-06,1.4715799e-06
202681,508,508,11139,1.294542e-09,1.4821311e-10,8.228056e-09,8.079843e-09
202715,3776,3776,11139,1.09771555e-07,3.8045528e-08,4.499327e-07,4.1188719e-07
202731,1233,1233,11139,3.578052e-07,5.03664e-08,2.0108741e-06,1.9605077e-06
202732,2877,2877,11139,8.585082e-09,1.710249e-09,5.4211583e-08,5.2501335e-08
202781,6427,6427,11139,1.7920799e-08,2.3977802e-09,9.191448e-08,8.9516696e-08
202977,13040,13040,11139,5.281152e-09,1.155428e-09,2.566805e-08,2.4512623e-08
203095,14436,14436,11139,1.551808e-08,1.691602e-09,5.873549e-08,5.7043888e-08
203096,5086,5086,11139,1.005108e-05,3.375921e-06,3.779681e-05,3.442089e-05
205151,7137,7137,11139,2.851022e-07,1.257695e-07,1.20711e-06,1.0813405e-06
205171,9517,9517,11139,5.662228e-09,7.1449147e-10,3.106584e-08,3.035135e-08
205191,7815,7815,11139,3.5066e-07,3.9291592e-08,1.611037e-06,1.5717453e-06
205294,8525,8525,11139,6.227634e-07,7.7007556e-08,2.031026e-06,1.9540184e-06
205451,14100,14100,11139,1.175032e-08,1.4585371e-09,6.003254e-08,5.8574003e-08
205452,7490,7490,11139,2.185054e-06,8.2176564e-07,9.233994e-06,8.412228e-06
205508,11489,11489,11139,1.104026e-07,4.7883823e-08,3.6057878e-07,3.1269497e-07
205733,4599,4599,11139,4.2894058e-07,1.6068302e-07,1.7106601e-06,1.549977e-06
205791,12136,12136,11139,2.39778e-07,2.9780571e-08,8.370712e-07,8.0729063e-07
205811,3148,3148,11139,6.006932e-09,5.65545e-10,3.9033964e-08,3.8468418e-08
205851,9171,9171,11139,1.2867e-08,4.207002e-09,6.133938e-08,5.7132375e-08
206212,5505,5505,11139,9.688712e-09,2.4535312e-09,4.358618e-08,4.1132648e-08
206411,4301,4301,11139,4.5705738e-07,1.895149e-07,1.8195769e-06,1.630062e-06
207311,16412,16412,11139,1.475248e-08,1.724849e-09,4.8849373e-08,4.7124523e-08
208211,5715,5715,11139,1.23285e-06,4.962856e-07,4.4681437e-06,3.971858e-06
208231,4923,4923,11139,1.21195e-09,1.2660889e-10,8.412744e-09,8.286135e-09
212111,7518,7518,11139,4.024214e-07,1.4740911e-07,1.580487e-06,1.433078e-06
213071,7622,7622,11139,5.5637037e-07,1.895203e-07,2.123714e-06,1.9341937e-06
213072,8890,8890,11139,9.079164e-07,3.9305098e-07,3.273876e-06,2.880825e-06
213131,12142,12142,11139,6.035374e-09,6.896645e-10,3.391214e-08,3.3222477e-08
213251,13959,13959,11139,7.974208e-09,2.684803e-09,3.4927602e-08,3.22428e-08
213631,5451,5451,11139,1.8985359e-08,2.055029e-09,1.04863e-07,1.0280797e-07
213633,10917,10917,11139,1.865576e-07,3.048021e-08,6.2911465e-07,5.986344e-07
213635,12825,12825,11139,4.5170418e-07,1.805689e-07,1.395044e-06,1.2144751e-06
213752,15213,15213,11139,5.090116e-08,6.604885e-09,1.632939e-07,1.5668903e-07
213871,15238,15238,11139,1.0087092e-08,1.7373891e-09,3.5304836e-08,3.3567446e-08
213873,15911,15911,11139,4.68185e-06,2.0370662e-06,1.397383e-05,1.1936764e-05
213912,2346,2346,11139,5.437344e-09,5.727787e-10,3.575559e-08,3.518281e-08
213913,6111,6111,11139,5.087298e-09,5.955579e-10,2.610932e-08,2.5513762e-08
213998,969,969,11139,2.880562e-07,1.0478174e-07,1.204892e-06,1.1001102e-06
214016,1309,1309,11139,7.0313e-09,1.480866e-09,4.273611e-08,4.1255245e-08
214017,9429,9429,11139,4.323824e-07,4.6556792e-08,1.506834e-06,1.4602772e-06
214060,1853,1853,11139,1.523698e-08,3.2125889e-09,9.324959e-08,9.0037e-08
214111,2207,2207,11139,5.608808e-07,4.947118e-08,2.14437e-06,2.0948987e-06
215037,14277,14277,11139,3.9051322e-08,4.44644e-09,1.8414221e-07,1.7969577e-07
215071,12985,12985,11139,9.278244e-09,1.408873e-09,3.757829e-08,3.6169418e-08
215192,463,463,11139,7.1946545e-08,1.460538e-08,3.624574e-07,3.4785202e-07
215316,6554,6554,11139,4.370348e-09,3.9974402e-10,3.030774e-08,2.9907994e-08
215371,6882,6882,11139,2.5311579e-08,3.312346e-09,1.5683969e-07,1.5352734e-07
215372,3422,3422,11139,3.077702e-09,5.119457e-10,1.426345e-08,1.3751504e-08
215471,14656,14656,11139,5.800908e-09,9.000978e-10,2.282767e-08,2.1927573e-08
215575,13292,13292,11139,1.235584e-08,1.5949251e-09,3.943469e-08,3.783976e-08
215606,6995,6995,11139,8.178074e-07,1.353139e-07,4.923317e-06,4.7880035e-06
215607,5326,5326,11139,2.170336e-07,3.2308478e-08,1.263223e-06,1.2309146e-06
